date,cpi_energy_yoy_canada,cpi_energy_yoy_uk,cpi_energy_yoy_usa
1971-01-01,3.937008,5.08707,4.780876999999999
1971-02-01,4.72441,6.082098999999999,4.780876999999999
1971-03-01,2.307692,7.598986999999998,5.2
1971-04-01,5.384615,8.730555,2.352941
1971-05-01,5.384615,9.830284,2.745098
1971-06-01,5.384615,10.40287,3.952569
1971-07-01,5.384615,11.40316,3.137255
1971-08-01,5.384615,11.00427,5.511811
1971-09-01,5.384615,10.61808,5.078125
1971-10-01,5.384615,9.464302,3.861004
1971-11-01,5.343512,8.911050999999999,3.088803
1971-12-01,5.343512,8.911050999999999,3.053435
1972-01-01,5.303030000000001,7.359367999999998,2.661597
1972-02-01,4.511278,6.587311,2.281369
1972-03-01,5.263158,5.643797,2.661597
1972-04-01,2.189781,6.106323000000001,3.065134
1972-05-01,2.189781,6.659555,3.435115
1972-06-01,2.189781,6.345754,2.661597
1972-07-01,2.189781,4.881282,3.041825
1972-08-01,2.189781,4.995387,1.865672
1972-09-01,2.189781,5.429076,2.602231
1972-10-01,2.189781,5.249324,2.602231
1972-11-01,1.449275,5.249324,3.745318
1972-12-01,1.449275,5.249324,2.592592
1973-01-01,3.597122,5.162226,3.703704
1973-02-01,5.035971,4.839345,5.204461
1973-03-01,4.285714,4.239257,5.185185
1973-04-01,4.285714,2.749341,6.69145
1973-05-01,5.714286,2.787019,6.642066000000001
1973-06-01,7.142857000000001,2.555661,8.518517999999998
1973-07-01,8.571428,2.593175,8.118081
1973-08-01,11.42857,2.4011,7.692307
1973-09-01,12.14286,1.979867,6.521739
1973-10-01,13.57143,3.230726,9.057971
1973-11-01,15.0,4.258006,12.63538
1973-12-01,18.57143,5.284138,16.96751
1974-01-01,15.27778,9.424135,22.14286
1974-02-01,13.69863,18.89193,25.4417
1974-03-01,13.69863,19.30618,30.28169
1974-04-01,13.69863,24.1521,31.35888
1974-05-01,18.91892,26.12666,32.87197
1974-06-01,20.66667,28.47227,32.08191
1974-07-01,19.07895,31.18383,33.4471
1974-08-01,16.02564,31.82532,33.33333
1974-09-01,15.28662,31.89428,33.67347
1974-10-01,13.83648,28.18574,29.56811
1974-11-01,12.42236,29.83966,25.32051
1974-12-01,9.638555,37.18281,21.60494
1975-01-01,11.44578,42.28214000000001,16.37427
1975-02-01,11.44578,32.63575,13.23944
1975-03-01,13.85542,33.78682,8.918919
1975-04-01,14.45783,31.96546,7.957560000000002
1975-05-01,8.522727,33.79293,7.291667
1975-06-01,5.524862000000001,35.32392,8.268734
1975-07-01,12.70718,34.31828,9.71867
1975-08-01,14.36464,33.71697,10.20408
1975-09-01,16.57458,33.96077,10.94148
1975-10-01,16.57458,35.60461,11.79487
1975-11-01,18.78453,33.73249000000001,12.02046
1975-12-01,19.78022,29.92452,11.42132
1976-01-01,20.0,21.75757,10.55276
1976-02-01,21.08108,19.74986,9.452736
1976-03-01,19.04762,17.93112,8.684863
1976-04-01,18.42105,17.44997,7.616708
1976-05-01,18.32461,17.34804,7.524272
1976-06-01,19.37173,15.41007,7.398567999999998
1976-07-01,11.76471,14.53363,5.827506
1976-08-01,10.14493,15.49421,5.555555
1976-09-01,12.79621,15.34083,5.275229
1976-10-01,14.21801,15.36432,5.733944999999999
1976-11-01,11.62791,17.51226,5.936073
1976-12-01,10.09174,14.24451,7.061503
1977-01-01,10.36036,13.73204,7.727272999999999
1977-02-01,9.375,13.87812,9.090909
1977-03-01,13.33333,14.49817,10.73059
1977-04-01,14.22222,16.02987,11.64384
1977-05-01,14.15929,15.88904,11.06095
1977-06-01,13.1579,15.78459,10.22222
1977-07-01,13.1579,15.39027,9.911894
1977-08-01,13.1579,11.45277,9.868421
1977-09-01,11.34454,11.4073,9.150327
1977-10-01,10.78838,10.82595,9.110629
1977-11-01,11.66667,7.492322,8.405172
1977-12-01,11.25,6.380519,7.234042999999998
1978-01-01,9.387755,5.633097,6.540083999999999
1978-02-01,10.61224,6.289678,5.833333000000001
1978-03-01,10.19608,6.339642,5.360825
1978-04-01,8.949416000000001,2.783596,5.112474
1978-05-01,8.527132,0.7657315,5.487805000000001
1978-06-01,8.139535,0.2812719,6.048387
1978-07-01,8.527132,0.5084708,6.212425
1978-08-01,10.07752,3.153476,6.387226
1978-09-01,9.81132,3.09081,6.986028
1978-10-01,8.988764,2.157182,7.355865
1978-11-01,8.582089,4.226999,6.958251
1978-12-01,9.737827,4.411025,7.936508
1979-01-01,11.56716,4.888261,9.306931
1979-02-01,10.70111,5.254099,10.23622
1979-03-01,6.761566,6.598272,12.52446
1979-04-01,7.857142999999998,8.490758999999999,15.95331
1979-05-01,8.214286,8.521153,19.65318
1979-06-01,8.602151,12.1591,24.71483
1979-07-01,9.285714,23.24909,29.0566
1979-08-01,8.098592,24.8991,32.45779
1979-09-01,9.965635,26.17052,35.26119
1979-10-01,10.99656,27.11233,35.74074
1979-11-01,12.02749,27.14693,36.24535
1979-12-01,12.62799,28.27037,37.5
1980-01-01,12.37458,28.94646,41.48551
1980-02-01,12.33333,29.52318,46.60714
1980-03-01,15.33333,29.36299,47.13044
1980-04-01,15.56291,32.3959,43.45638
1980-05-01,15.51155,34.54795,39.29147
1980-06-01,16.17162,34.36303,33.53659
1980-07-01,16.33987,23.03404,29.09357
1980-08-01,17.26384,21.43938,25.07082
1980-09-01,12.5,21.09732,21.65517
1980-10-01,18.57585,21.56624,19.64529
1980-11-01,20.55215,21.44336,18.96317
1980-12-01,19.39394,21.21052,18.04813
1981-01-01,24.70238,21.2888,16.51729
1981-02-01,24.92582,21.30632,16.44336
1981-03-01,27.45665,24.86038,15.24823
1981-04-01,26.36103,21.48133,14.26901
1981-05-01,28.85714,20.25251,13.2948
1981-06-01,34.375,18.25122,12.67123
1981-07-01,34.26965999999999,18.58456,12.23103
1981-08-01,33.33333,22.47419,12.34428
1981-09-01,37.5,21.50826,12.69841
1981-10-01,30.5483,20.74811,12.77081
1981-11-01,27.22646,19.44019,13.18807
1981-12-01,30.45685,18.0935,11.89128
1982-01-01,24.10501,16.64487,9.010989
1982-02-01,23.75297,13.88246,2.92887
1982-03-01,24.4898,10.24345,-0.7179486999999999
1982-04-01,24.94331,11.18933,-3.480041
1982-05-01,23.72506,11.55519,-2.244898
1982-06-01,18.18182,11.91236,1.013171
1982-07-01,16.94561,11.39568,2.119072
1982-08-01,17.5,9.146192,2.016129
1982-09-01,18.9899,9.135908,1.710262
1982-10-01,16.4,9.607792,2.426694
1982-11-01,17.2,10.75104,2.026342
1982-12-01,14.00778,12.1068,1.315789
1983-01-01,10.96154,11.98199,-0.4032257999999999
1983-02-01,8.637236,13.10284,-1.52439
1983-03-01,11.65756,11.66945,-1.549587
1983-04-01,6.170599,10.54693,3.605514
1983-05-01,1.25448,8.855572,4.80167
1983-06-01,10.19678,6.002129,2.106319
1983-07-01,11.27013,5.970037,1.284585
1983-08-01,10.99291,5.1723,1.185771
1983-09-01,5.942275,5.362801999999999,1.186944
1983-10-01,6.185567,4.576519999999999,0.0
1983-11-01,4.607508999999999,3.263033,-0.5958292
1983-12-01,6.143345,2.592278,-0.4995005
1984-01-01,10.39861,2.973492,0.5060729
1984-02-01,13.07421,3.025787,3.302374
1984-03-01,2.120718,3.521229,4.512067
1984-04-01,7.350427000000002,2.907542,2.763562
1984-05-01,10.44248,2.917199,1.095618
1984-06-01,2.272727,3.434523,0.2946955
1984-07-01,3.054662,2.498514,-0.3902439
1984-08-01,1.118211,2.409692,-0.5859375
1984-09-01,1.923077,2.257292,-0.09775171
1984-10-01,2.912621,3.376686,0.3948667
1984-11-01,6.688416999999999,3.571095,0.3996004
1984-12-01,6.270096,3.72131,0.2008032
1985-01-01,5.494505,3.625674,-0.5035247
1985-02-01,4.6875,3.976323,-2.097902
1985-03-01,7.028753999999999,6.305719,-0.3012048
1985-04-01,6.687898,7.055082000000001,0.6972111
1985-05-01,7.371795,7.337373,1.37931
1985-06-01,6.031746,7.138033,1.958864
1985-07-01,2.964118,6.34928,2.056807
1985-08-01,4.581358,5.618601,1.571709
1985-09-01,6.446541000000001,5.43006,0.8806261999999999
1985-10-01,7.075472,3.305783,0.09832842
1985-11-01,4.740061,2.58878,0.7960199
1985-12-01,4.08472,2.518619,1.803607
1986-01-01,3.273809,2.517623,2.42915
1986-02-01,3.58209,1.040927,-0.6122449000000001
1986-03-01,0.1492537,-3.565659,-8.459214
1986-04-01,-6.567164,-6.655669000000001,-14.73788
1986-05-01,-8.955224000000001,-9.490125,-14.8688
1986-06-01,-8.982036,-8.787485,-12.87224
1986-07-01,-8.181818,-8.903681,-16.21881
1986-08-01,-8.761330000000001,-8.983505000000001,-17.31141
1986-09-01,-11.96455,-6.566379,-16.68283
1986-10-01,-13.21586,-5.768676,-18.36935
1986-11-01,-12.84671,-5.61369,-19.64462
1986-12-01,-12.93605,-5.815767,-19.68504
1987-01-01,-12.53602,-5.235177999999999,-17.09486
1987-02-01,-10.66282,-3.137439,-12.11499
1987-03-01,-5.812221,-1.189422,-5.610561
1987-04-01,1.597444,0.4765677,0.2320186
1987-05-01,4.426229,2.709766,-0.2283105
1987-06-01,5.921052,1.528079,0.0
1987-07-01,6.765675999999999,2.425681,4.352807
1987-08-01,7.615894,2.786731,8.421053
1987-09-01,9.899329,0.0244873,7.450524000000001
1987-10-01,10.49069,-0.5228037999999999,8.062575
1987-11-01,9.715243,-0.3932377999999999,9.336609
1987-12-01,9.348915,-0.5653667,8.210784
1988-01-01,7.907742999999998,-1.429268,4.171633
1988-02-01,4.193548000000001,-2.876481,1.635514
1988-03-01,1.424051,-2.792579,0.8158508000000001
1988-04-01,1.886792,-1.065069,1.041667
1988-05-01,2.66876,0.08157104,1.487414
1988-06-01,1.242236,1.646562,0.3307607
1988-07-01,0.927357,2.37921,0.3293085
1988-08-01,-1.230769,2.280464,-0.4314995
1988-09-01,-1.832061,2.582778,-0.4333694999999999
1988-10-01,-2.143951,3.111461,0.1113586
1988-11-01,-3.358779,3.008277,-0.1123596
1988-12-01,-3.664122,3.320219,0.4530010999999999
1989-01-01,-2.900763,3.650963,1.830664
1989-02-01,-0.9287926,5.129417,2.643678
1989-03-01,0.4680187,5.764296,3.815029
1989-04-01,0.308642,7.468305,8.705613
1989-05-01,3.211009,8.296433,9.808343
1989-06-01,4.141104,7.602683,8.791209
1989-07-01,4.287902,6.583446,7.768053
1989-08-01,6.074766,5.537662,5.092091
1989-09-01,5.754277,6.034246,4.352557
1989-10-01,6.103286,6.594967,5.228031
1989-11-01,7.582938,6.606172999999999,4.836894999999999
1989-12-01,7.448494,6.349451999999999,5.073281
1990-01-01,9.119497,7.54485,9.662921
1990-02-01,9.6875,6.189483999999999,7.950728
1990-03-01,9.937888,5.732829,6.347439
1990-04-01,9.846154,6.527171,0.8429926
1990-05-01,6.962963,6.112958,-0.7186858
1990-06-01,6.921944,5.948145999999999,0.5050505
1990-07-01,6.314244,6.158918,0.4060914
1990-08-01,6.607930000000001,11.97834,6.804124000000001
1990-09-01,7.941176,16.18465,13.45151
1990-10-01,13.12684,17.94157,17.75899
1990-11-01,16.4464,14.255,18.99142
1990-12-01,16.81416,11.45022,18.13305
1991-01-01,19.02017,10.05216,9.733606
1991-02-01,10.96866,9.003355,6.639003999999999
1991-03-01,6.497175,8.649347,4.397906
1991-04-01,3.781512,9.93681,3.970742
1991-05-01,5.678669999999999,10.96267,5.584281
1991-06-01,5.371901,11.02001,4.020101
1991-07-01,7.044199000000001,12.33591,3.842265
1991-08-01,6.473829,7.673749000000002,-0.6756757
1991-09-01,5.99455,2.737205,-4.779412000000001
1991-10-01,-0.5215124,1.130807,-8.617595
1991-11-01,-3.783101999999999,4.323832,-8.205589999999999
1991-12-01,-4.79798,6.4175,-7.447775
1992-01-01,-6.053269,4.447492,-6.535948
1992-02-01,-2.952503,6.485458,-3.696498000000001
1992-03-01,-0.397878,7.435813,-0.8024071999999999
1992-04-01,1.48448,3.750682,0.0
1992-05-01,0.0,2.370686,0.2938295999999999
1992-06-01,1.30719,1.670475,2.318841
1992-07-01,1.935484,0.4713754,3.213243
1992-08-01,1.034929,-0.3665614,2.429543
1992-09-01,-0.2570694,-0.316772,2.220077
1992-10-01,1.572739,0.6374749,2.652259
1992-11-01,2.621232,1.700696,2.652259
1992-12-01,3.713528,2.720915,1.962709
1993-01-01,1.28866,3.311866,3.296703
1993-02-01,3.439153,3.641602,3.232323
1993-03-01,3.328895,3.578927,3.64004
1993-04-01,3.324468,3.935285,3.61809
1993-05-01,2.49017,2.712777,1.953125
1993-06-01,1.806452,3.187214,0.5665722
1993-07-01,-0.5063291,2.502518,-0.1886792
1993-08-01,0.0,3.057134,-0.1897532999999999
1993-09-01,1.030928,3.958046,-0.6610010000000001
1993-10-01,0.6451613,2.143797,0.861244
1993-11-01,-0.3831418,0.9118878,-0.7655503
1993-12-01,-1.40665,2.526304,-1.443696
1994-01-01,-2.798982,3.642158,-2.030948
1994-02-01,-1.150895,2.442505,-0.1956947
1994-03-01,-0.128866,1.464111,-0.5853658
1994-04-01,-0.3861004,3.870303,-1.066925
1994-05-01,-0.1278772,4.412165,-1.436782
1994-06-01,0.3802281,4.323191,-0.7511736999999999
1994-07-01,1.653944,4.928341000000001,0.9451796
1994-08-01,3.201024,6.723578999999999,3.136882
1994-09-01,1.785714,6.038083,2.851711
1994-10-01,0.2564103,5.626946,0.3795065999999999
1994-11-01,1.923077,5.159122,1.92864
1994-12-01,2.204929,5.044932,2.246094
1995-01-01,2.748691,6.333075,2.862784
1995-02-01,1.811126,6.269108,1.666667
1995-03-01,2.193548,7.27849,1.275761
1995-04-01,2.713178,3.47125,1.862745
1995-05-01,4.097311,3.449744,3.304179
1995-06-01,2.525253,3.118422,3.405866000000001
1995-07-01,0.8760950999999999,3.371751,1.217228
1995-08-01,-1.364764,1.754656,-1.013825
1995-09-01,-0.1253133,1.558049,-1.848429
1995-10-01,0.7672634,1.609138,-1.228733
1995-11-01,-1.257862,1.634178,-2.743614
1995-12-01,0.8883249,3.423615,-1.337154
1996-01-01,1.273885,2.941052,0.7677543000000001
1996-02-01,0.7623888000000001,2.131238,1.157184
1996-03-01,1.767677,1.337942,2.810077
1996-04-01,2.767296,1.332993,5.87103
1996-05-01,3.690037,1.025087,6.208843
1996-06-01,2.339901,0.7980059,3.47667
1996-07-01,0.4962779,0.666088,4.070305
1996-08-01,2.012579,1.587513,3.910614
1996-09-01,2.50941,3.95654,5.178908
1996-10-01,5.837564,5.42719,5.741626999999999
1996-11-01,6.11465,6.36741,8.07393
1996-12-01,5.408805,4.319334,8.615683
1997-01-01,6.163522,3.211009,7.904762
1997-02-01,7.061789999999999,4.176334,7.816967999999998
1997-03-01,4.83871,4.186047,4.806786
1997-04-01,1.713586,3.00231,0.0
1997-05-01,-1.304864,3.009259,-2.657219
1997-06-01,0.6016847,3.480278,-0.7073385999999999
1997-07-01,2.345679,5.336427,-0.9777778
1997-08-01,4.31566,5.760369,0.8064515999999999
1997-09-01,3.916769,3.167421,1.969561
1997-10-01,0.9592326,2.022472,0.9049774
1997-11-01,-0.120048,1.569507,-0.360036
1997-12-01,-1.073986,-0.6622517,-3.386809
1998-01-01,-2.488152,-0.6666667,-6.531333
1998-02-01,-4.829211,-0.6681514000000001,-8.753316
1998-03-01,-5.443787,-0.6696429,-8.633094
1998-04-01,-3.730445,2.690583,-7.363636
1998-05-01,-2.403846,2.696629,-5.5505
1998-06-01,-2.990431,2.017937,-5.877115
1998-07-01,-3.015682,0.4405286,-5.56553
1998-08-01,-5.082742,-0.8714597,-7.733333
1998-09-01,-6.831566,-0.4385965,-9.833187
1998-10-01,-4.038005,0.2202643,-9.147982
1998-11-01,-3.485577,0.0,-9.214092
1998-12-01,-4.221954,-0.2222222,-8.763838
1999-01-01,-3.402187,0.0,-7.365439
1999-02-01,-2.351485,0.0,-5.717054
1999-03-01,0.1251563999999999,3.370786,-3.149606
1999-04-01,3.75,3.056769,3.042198
1999-05-01,2.955665,3.282276,1.734104
1999-06-01,2.342787,3.516484,1.040681
1999-07-01,5.472637000000001,4.166666999999999,3.326996
1999-08-01,9.339975,5.934066000000001,7.225433
1999-09-01,12.5158,6.167401,10.22395
1999-10-01,11.5099,6.593407000000001,10.16782
1999-11-01,11.20797,6.843267,10.64677
1999-12-01,14.98741,9.576838,13.44793
2000-01-01,15.09434,9.8434,14.6789
2000-02-01,19.39164,10.08969,19.93834
2000-03-01,22.375,8.913043,24.18699
2000-04-01,13.61446,6.779661,14.95238
2000-05-01,14.11483,6.144068,14.58333
2000-06-01,19.39759,8.917197,21.34831
2000-07-01,17.8066,8.631578999999999,19.31923
2000-08-01,11.8451,4.564315000000001,13.1177
2000-09-01,15.16854,6.639003999999999,15.37103
2000-10-01,15.20533,4.742268,15.86022
2000-11-01,18.02912,6.198347,16.00719
2000-12-01,13.5816,3.252033,14.17112
2001-01-01,10.38251,0.8146639,17.77778
2001-02-01,6.369427,1.01833,13.11054
2001-03-01,3.677222,-2.794411,5.973814
2001-04-01,11.55886,-2.18254,10.27341
2001-05-01,16.03773,0.0,15.78512
2001-06-01,10.29263,-1.754386,8.410494
2001-07-01,2.802803,-3.294574,2.081727
2001-08-01,4.786151,-1.587302,2.779984
2001-09-01,3.121951,-3.11284,1.454824
2001-10-01,-2.697495,-3.346457,-5.568446
2001-11-01,-12.52372,-7.392996000000002,-10.07752
2001-12-01,-11.37898,-7.283464,-13.03669
2002-01-01,-6.930692999999999,-3.636364,-15.69811
2002-02-01,-5.788423000000001,-3.629032,-15.90909
2002-03-01,-3.349754,-1.232033,-10.73359
2002-04-01,-5.038023,0.2028398,-8.189331
2002-05-01,-10.47877,-1.596806,-12.27695
2002-06-01,-10.33852,-2.777778,-11.1032
2002-07-01,-3.115871,-2.004008,-5.21148
2002-08-01,0.0,-1.41129,-2.782071
2002-09-01,-1.702933,-1.004016,-4.830189
2002-10-01,5.742573999999999,0.407332,3.030303
2002-11-01,13.99132,3.361345,8.017241
2002-12-01,7.072906,4.246283999999999,10.68223
2003-01-01,15.21277,3.983228,14.14503
2003-02-01,19.70339,4.811716000000001,21.98198
2003-03-01,17.53313,6.029106,23.3564
2003-04-01,6.106106,2.42915,13.01146
2003-05-01,4.641776,0.811359,9.031734
2003-06-01,7.857142999999998,1.020408,9.28743
2003-07-01,6.733667999999999,1.431493,9.003983999999999
2003-08-01,7.580175,2.249489,11.76471
2003-09-01,6.448508,1.825558,14.6709
2003-10-01,-1.029963,1.825558,8.823528999999999
2003-11-01,-0.6660324000000001,2.235772,6.22506
2003-12-01,6.808942999999999,2.647658,6.893755000000001
2004-01-01,-1.108033,2.217742,7.764705999999999
2004-02-01,-3.097345,1.596806,3.840473
2004-03-01,-4.076323,0.9803921999999998,0.3506311
2004-04-01,6.415094,2.766798,5.648080999999999
2004-05-01,16.20058,7.444667999999998,15.0
2004-06-01,12.96121,7.878788,16.99634
2004-07-01,10.6403,7.258064999999998,14.25439
2004-08-01,6.233062,7.2,10.45519
2004-09-01,5.786618,7.171314999999999,6.70816
2004-10-01,13.05582,9.36255,15.19357
2004-11-01,12.16475,10.93439,19.15853
2004-12-01,8.087536,10.71429,16.61609
2005-01-01,7.376284,9.072978,10.55313
2005-02-01,7.305936,9.821055,10.38407
2005-03-01,9.403255,10.09218,12.36897
2005-04-01,10.72695,11.72105,17.13502
2005-05-01,1.659751,8.418178,9.928617
2005-06-01,3.936348,8.792033,7.326237
2005-07-01,9.191489,11.26496,14.20345
2005-08-01,12.41497,12.66939,20.15454
2005-09-01,21.45299,15.59023,34.80233
2005-10-01,13.4728,14.18332,29.54978
2005-11-01,8.795900999999999,11.26833,18.28499
2005-12-01,10.21127,10.37389,17.11126
2006-01-01,15.3913,12.9,24.75313
2006-02-01,8.170213,12.6,20.10309
2006-03-01,7.438016,12.2,17.28856
2006-04-01,11.20897,14.4,17.84669
2006-05-01,14.12245,19.3,23.55372
2006-06-01,11.52297,19.8,23.27888
2006-07-01,10.6781,19.3,20.5042
2006-08-01,7.186082000000001,17.8,15.05895
2006-09-01,-9.359606,11.6,-4.278846
2006-10-01,-8.702065,9.8,-11.25795
2006-11-01,-2.825746,11.9,-3.837953
2006-12-01,1.517572,15.0,2.888889
2007-01-01,-5.651846,12.9,-3.130871
2007-02-01,0.0,12.0,-1.045601
2007-03-01,4.538462,11.8,4.416225
2007-04-01,0.1439885,8.0,2.912115
2007-05-01,1.573677,4.5,4.668418
2007-06-01,1.228324,3.4,4.632276999999999
2007-07-01,-1.690141,1.0,1.010693
2007-08-01,-3.740296,-0.4,-2.517932
2007-09-01,6.055901,1.6,5.292315
2007-10-01,8.642973,4.0,14.49972
2007-11-01,10.25848,5.3,21.40188
2007-12-01,8.733281,4.4,17.44384
2008-01-01,11.02236,5.9,19.5558
2008-02-01,9.67742,11.6,18.89933
2008-03-01,5.371597,12.2,17.0498
2008-04-01,7.979871000000002,13.9,15.88739
2008-05-01,11.5493,15.9,17.36195
2008-06-01,17.98715,19.3,24.66574
2008-07-01,21.13181,21.4,29.25292
2008-08-01,20.2346,22.7,27.22916
2008-09-01,18.2284,30.0,23.07942
2008-10-01,9.665427,24.4,11.54836
2008-11-01,-4.249084,16.9,-13.27388
2008-12-01,-10.99855,12.4,-21.30884
2009-01-01,-10.93525,9.6,-20.43287
2009-02-01,-8.751794,5.6,-18.49884
2009-03-01,-11.24302,2.6,-23.01512
2009-04-01,-17.50999,0.5,-25.18381
2009-05-01,-18.30808,-1.2,-27.30275
2009-06-01,-18.99577,-2.0,-25.47447
2009-07-01,-23.35896,-2.7,-28.09321
2009-08-01,-19.14634,-2.4,-23.02513
2009-09-01,-18.69969,-6.5,-21.61732
2009-10-01,-12.67797,-4.0,-13.97602
2009-11-01,1.300689,1.2,7.417157
2009-12-01,5.934958999999999,4.3,18.19547
2010-01-01,8.158319,7.4,19.12932
2010-02-01,4.009434,5.3,14.38618
2010-03-01,5.822187,8.1,18.33996
2010-04-01,9.765941,9.3,18.51545
2010-05-01,6.18238,8.8,14.68843
2010-06-01,1.344287,5.7,3.043698
2010-07-01,7.870369999999999,5.3,5.166933
2010-08-01,4.977376,4.1,3.752726
2010-09-01,5.635948,2.6,3.836968
2010-10-01,9.083851,3.9,5.898151
2010-11-01,6.722053999999999,3.3,3.893621
2010-12-01,10.5142,6.5,7.736986
2011-01-01,9.036594,7.7,7.326007000000001
2011-02-01,10.58201,9.4,10.9584
2011-03-01,12.7881,9.8,15.48436
2011-04-01,17.05882,9.3,19.02459
2011-05-01,16.59389,9.6,21.46499
2011-06-01,15.69639,10.4,20.0841
2011-07-01,12.94707,10.3,18.97096
2011-08-01,13.43391,11.9,18.35909
2011-09-01,12.47296,17.8,19.27449
2011-10-01,11.6726,17.5,14.20025
2011-11-01,9.058741,16.9,12.36354
2011-12-01,6.041666999999999,12.9,6.582611999999999
2012-01-01,6.506849,10.4,6.125429
2012-02-01,7.245386,9.5,6.96597
2012-03-01,5.141726999999999,8.4,4.570008000000001
2012-04-01,1.130653,8.2,0.8840411
2012-05-01,-1.560549,6.0,-3.867484
2012-06-01,-0.8280255,4.6,-3.935555
2012-07-01,-1.203293,4.6,-5.022144
2012-08-01,0.8233059000000001,5.1,-0.5562043999999999
2012-09-01,2.948718,1.5,2.336314
2012-10-01,1.657106,0.5,3.99374
2012-11-01,-0.1946787999999999,0.2,0.3228690999999999
2012-12-01,-0.5239031,2.4,0.5049505
2013-01-01,-1.736334,2.1,-0.9782985
2013-02-01,2.039516,4.0,2.259512
2013-03-01,0.2507837,3.9,-1.5907
2013-04-01,-1.863354,2.1,-4.293099
2013-05-01,1.014585,2.6,-0.999177
2013-06-01,4.110469,4.7,3.175695
2013-07-01,5.25641,5.4,4.749721
2013-08-01,2.386935,4.7,-0.1178557
2013-09-01,1.494396,3.3,-3.050341
2013-10-01,-1.567398,2.1,-4.78958
2013-11-01,2.340702,1.5,-2.431512
2013-12-01,4.608295,3.3,0.4578688
2014-01-01,4.842932,2.8,2.097305
2014-02-01,1.561524,0.6,-2.471866
2014-03-01,4.565353,-0.3,0.3672287
2014-04-01,8.35443,0.3,3.224277
2014-05-01,8.411800999999999,1.6,3.265491
2014-06-01,6.724244000000001,1.4,3.141465
2014-07-01,4.689403,1.2,2.566055
2014-08-01,3.251534,-0.1,0.355168
2014-09-01,2.699387,-0.3,-0.5933703
2014-10-01,4.203822,0.2,-1.579953
2014-11-01,-0.5717916000000001,-0.2,-4.816407
2014-12-01,-6.419132,-5.9,-10.507
2015-01-01,-12.92135,-8.6,-19.51475
2015-02-01,-10.76261,-9.0,-18.69652
2015-03-01,-10.4067,-8.0,-18.21136
2015-04-01,-13.49299,-7.1,-19.31396
2015-05-01,-11.75449,-6.5,-16.20641
2015-06-01,-8.959538,-6.3,-14.97328
2015-07-01,-7.388016,-6.8,-14.70002
2015-08-01,-7.24896,-7.7,-14.96812
2015-09-01,-10.81243,-9.1,-18.31707
2015-10-01,-10.3912,-8.6,-17.07746
2015-11-01,-6.389776,-8.2,-14.62273
2015-12-01,-3.564223,-7.4,-12.53282
2016-01-01,-0.3584229,-5.5,-6.423202
2016-02-01,-7.236389,-5.6,-12.41343
2016-03-01,-7.810414,-6.3,-12.49728
2016-04-01,-3.173531,-5.6,-8.820111
2016-05-01,-3.608924,-5.0,-10.05764
2016-06-01,-4.380952,-4.1,-9.384687
2016-07-01,-7.41206,-3.5,-10.82589
2016-08-01,-5.829597,-2.6,-9.202744
2016-09-01,-1.339585,-0.1,-2.858139
2016-10-01,2.455662,1.8,0.1494012
2016-11-01,0.2047781,3.0,1.122831
2016-12-01,3.974895,4.5,5.392388
2017-01-01,12.08633,7.7,10.72515
2017-02-01,12.25854,9.1,15.09683
2017-03-01,8.472121000000001,8.7,10.87517
2017-04-01,9.623431,7.0,9.221567
2017-05-01,3.335603,6.1,5.400836
2017-06-01,-1.26162,4.2,2.291579
2017-07-01,0.2713704,3.7,3.364229
2017-08-01,2.312925,5.3,6.360257
2017-09-01,4.887983999999999,5.7,10.09261
2017-10-01,0.9986684,4.6,6.393013
2017-11-01,7.561308,5.0,9.353003
2017-12-01,4.493629,5.5,6.843802
2018-01-01,2.37484,4.2,5.515897
2018-02-01,5.294507,3.6,7.697583
2018-03-01,7.476635000000002,3.3,7.001167999999999
2018-04-01,6.297709999999999,4.5,7.838765
2018-05-01,11.5942,5.8,11.60853
2018-06-01,12.44116,8.7,11.92505
2018-07-01,14.20839,9.4,12.07595
2018-08-01,11.17021,9.0,10.18965
2018-09-01,7.63754,9.4,4.840725
2018-10-01,7.910349000000002,10.5,8.88213
2018-11-01,-1.329956,8.7,3.122306
2018-12-01,-3.658537,5.8,-0.3165275
2019-01-01,-6.896552000000001,1.1,-4.75242
2019-02-01,-5.65682,1.1,-5.008674
2019-03-01,-1.180124,2.1,-0.3749614
2019-04-01,0.6582885,7.4,1.680915
2019-05-01,-0.1180638,6.9,-0.4404010999999999
2019-06-01,-4.126794,4.3,-3.364578
2019-07-01,-3.199052,3.4,-2.020338
2019-08-01,-4.724880000000001,3.2,-4.363862
2019-09-01,-4.570054,1.4,-4.72192
2019-10-01,-2.932193,-2.6,-4.136419999999999
2019-11-01,1.476252,-2.3,-0.5786308000000001
2019-12-01,5.463025,-0.4,3.432539
2020-01-01,6.801347,4.8,6.209185
2020-02-01,4.330446,3.6,2.777393
2020-03-01,-11.62791,0.8,-5.689869
2020-04-01,-23.72176,-9.4,-17.61124
2020-05-01,-19.03073,-11.7,-18.79984
2020-06-01,-8.796007000000001,-11.3,-12.56301
2020-07-01,-8.384333,-9.2,-11.08336
2020-08-01,-6.277464,-8.9,-8.983375
2020-09-01,-5.608066,-8.6,-7.632466
2020-10-01,-5.978603,-9.4,-9.14222
2020-11-01,-5.6926,-9.3,-9.378583
2020-12-01,-3.979785,-8.3,-6.918938000000001
2021-01-01,-2.711223,-8.2,-3.630904
2021-02-01,2.426564,-5.7,2.34585
2021-03-01,19.06117,-2.3,13.09921
2021-04-01,32.65783,7.6,24.98849
2021-05-01,26.42336,9.6,28.36481
2021-06-01,19.49384,10.5,24.33391
2021-07-01,19.70608,9.5,23.71755
2021-08-01,20.69658,9.5,24.84719
2021-09-01,20.09346,9.7,24.70581
2021-10-01,25.50201,22.4,29.84058
2021-11-01,26.35815,25.6,33.14175
2021-12-01,21.18421,24.5,29.17735
2022-01-01,23.13675,23.2,26.87957
2022-02-01,24.06484,22.7,25.47111
2022-03-01,27.77778,27.8,31.89526
2022-04-01,26.38073,51.9,30.14345
2022-05-01,34.75751,52.6,34.44909000000001
2022-06-01,38.80939,57.1,41.41723
2022-07-01,28.01339,57.7,32.77844
2022-08-01,19.03441,51.8,23.73039
2022-09-01,14.00778,49.4,19.74232
2022-10-01,16.21333,58.6,17.59569
2022-11-01,13.90658,55.2,13.06461
2022-12-01,7.328989999999998,52.3,7.343857000000002
2023-01-01,5.421052,50.7,8.841071000000001
2023-02-01,-0.5527638000000001,48.3,5.355986
2023-03-01,-6.87237,39.7,-6.1453
2023-04-01,-4.23059,10.5,-4.743036
2023-05-01,-12.42502,8.1,-11.31965
2023-06-01,-14.5567,2.9,-16.34317
2023-07-01,-8.1517,-8.2,-12.08143
2023-08-01,1.818182,-3.6,-3.333794
2023-09-01,5.411994,-0.7,-0.2658357999999999
2023-10-01,-5.369435,-16.0,-4.365243
2023-11-01,-5.731594,-17.1,-5.251615
2023-12-01,-0.3540718,-17.4,-1.821824
2024-01-01,-2.695956,-15.0,-2.519196
2024-02-01,1.263264,-13.9,-1.827839
2024-03-01,2.761044,-12.8,-1.052993
2024-04-01,4.466019999999999,-16.8,-3.864184
2024-05-01,4.109589,-16.0,-2.560932
2024-06-01,0.530888,-16.1,-2.178531
2024-07-01,0.4271475999999999,-10.9,-2.495939
2024-08-01,-4.67033,-13.2,-6.337978
2024-09-01,-8.279371000000001,-16.2,-6.470621
2024-10-01,-3.540252,-10.0,-3.707938
2024-11-01,-1.384083,-8.7,-0.8794309000000001
2024-12-01,1.015228,-6.0,2.727438
2025-01-01,5.336069999999999,-6.6,2.208416
2025-02-01,2.994012,-6.8,3.121379
2025-03-01,-0.3419639,-8.0,3.145021
